negara,region,lat,lon,tahun,volume_ribu_ton,tipe
Amerika Serikat,Amerika,37.09,-95.71,2000,6606.3,historis
Amerika Serikat,Amerika,37.09,-95.71,2001,6523.1,historis
Amerika Serikat,Amerika,37.09,-95.71,2002,6542.8,historis
Amerika Serikat,Amerika,37.09,-95.71,2003,6832.8,historis
Amerika Serikat,Amerika,37.09,-95.71,2004,7371.0,historis
Amerika Serikat,Amerika,37.09,-95.71,2005,7156.3,historis
Amerika Serikat,Amerika,37.09,-95.71,2006,8362.3,historis
Amerika Serikat,Amerika,37.09,-95.71,2007,8550.5,historis
Amerika Serikat,Amerika,37.09,-95.71,2008,8125.4,historis
Amerika Serikat,Amerika,37.09,-95.71,2009,5674.2,historis
Amerika Serikat,Amerika,37.09,-95.71,2010,6413.1,historis
Amerika Serikat,Amerika,37.09,-95.71,2011,4879.5,historis
Amerika Serikat,Amerika,37.09,-95.71,2012,3783.4,historis
Amerika Serikat,Amerika,37.09,-95.71,2013,5684.7,historis
Amerika Serikat,Amerika,37.09,-95.71,2014,6288.1,historis
Amerika Serikat,Amerika,37.09,-95.71,2015,7059.1,historis
Amerika Serikat,Amerika,37.09,-95.71,2016,6563.0,historis
Amerika Serikat,Amerika,37.09,-95.71,2017,6758.1,historis
Amerika Serikat,Amerika,37.09,-95.71,2018,6950.1,historis
Amerika Serikat,Amerika,37.09,-95.71,2019,5475.3,historis
Amerika Serikat,Amerika,37.09,-95.71,2020,5633.8,historis
Amerika Serikat,Amerika,37.09,-95.71,2021,6801.5,historis
Amerika Serikat,Amerika,37.09,-95.71,2022,6276.3,historis
Amerika Serikat,Amerika,37.09,-95.71,2023,6156.5,historis
Amerika Serikat,Amerika,37.09,-95.71,2024,6752.7,historis
Amerika Serikat,Amerika,37.09,-95.71,2025,6813.58,prediksi
Amerika Serikat,Amerika,37.09,-95.71,2026,6525.88,prediksi
Amerika Serikat,Amerika,37.09,-95.71,2027,6447.11,prediksi
Australia,Australia & Oceania,-25.27,133.78,2000,4099.1,historis
Australia,Australia & Oceania,-25.27,133.78,2001,6697.9,historis
Australia,Australia & Oceania,-25.27,133.78,2002,6365.4,historis
Australia,Australia & Oceania,-25.27,133.78,2003,4993.9,historis
Australia,Australia & Oceania,-25.27,133.78,2004,4724.4,historis
Australia,Australia & Oceania,-25.27,133.78,2005,4852.1,historis
Australia,Australia & Oceania,-25.27,133.78,2006,4500.7,historis
Australia,Australia & Oceania,-25.27,133.78,2007,4496.4,historis
Australia,Australia & Oceania,-25.27,133.78,2008,4680.8,historis
Australia,Australia & Oceania,-25.27,133.78,2009,4608.6,historis
Australia,Australia & Oceania,-25.27,133.78,2010,5264.2,historis
Australia,Australia & Oceania,-25.27,133.78,2011,5764.8,historis
Australia,Australia & Oceania,-25.27,133.78,2012,4622.7,historis
Australia,Australia & Oceania,-25.27,133.78,2013,4593.4,historis
Australia,Australia & Oceania,-25.27,133.78,2014,3558.8,historis
Australia,Australia & Oceania,-25.27,133.78,2015,3553.2,historis
Australia,Australia & Oceania,-25.27,133.78,2016,3599.1,historis
Australia,Australia & Oceania,-25.27,133.78,2017,3009.8,historis
Australia,Australia & Oceania,-25.27,133.78,2018,3653.5,historis
Australia,Australia & Oceania,-25.27,133.78,2019,3287.4,historis
Australia,Australia & Oceania,-25.27,133.78,2020,2299.2,historis
Australia,Australia & Oceania,-25.27,133.78,2021,2800.8,historis
Australia,Australia & Oceania,-25.27,133.78,2022,2778.3,historis
Australia,Australia & Oceania,-25.27,133.78,2023,4005.8,historis
Australia,Australia & Oceania,-25.27,133.78,2024,4231.7,historis
Australia,Australia & Oceania,-25.27,133.78,2025,4235.37,prediksi
Australia,Australia & Oceania,-25.27,133.78,2026,4492.44,prediksi
Australia,Australia & Oceania,-25.27,133.78,2027,4609.48,prediksi
Belanda,Eropa,52.13,5.29,2000,5528.5,historis
Belanda,Eropa,52.13,5.29,2001,5305.4,historis
Belanda,Eropa,52.13,5.29,2002,4840.6,historis
Belanda,Eropa,52.13,5.29,2003,3983.7,historis
Belanda,Eropa,52.13,5.29,2004,3987.0,historis
Belanda,Eropa,52.13,5.29,2005,5739.7,historis
Belanda,Eropa,52.13,5.29,2006,9329.1,historis
Belanda,Eropa,52.13,5.29,2007,4394.2,historis
Belanda,Eropa,52.13,5.29,2008,7482.4,historis
Belanda,Eropa,52.13,5.29,2009,7054.3,historis
Belanda,Eropa,52.13,5.29,2010,6039.3,historis
Belanda,Eropa,52.13,5.29,2011,6788.9,historis
Belanda,Eropa,52.13,5.29,2012,4828.2,historis
Belanda,Eropa,52.13,5.29,2013,4480.4,historis
Belanda,Eropa,52.13,5.29,2014,4043.6,historis
Belanda,Eropa,52.13,5.29,2015,4467.2,historis
Belanda,Eropa,52.13,5.29,2016,3627.0,historis
Belanda,Eropa,52.13,5.29,2017,4552.5,historis
Belanda,Eropa,52.13,5.29,2018,5059.6,historis
Belanda,Eropa,52.13,5.29,2019,4711.7,historis
Belanda,Eropa,52.13,5.29,2020,3771.6,historis
Belanda,Eropa,52.13,5.29,2021,4218.8,historis
Belanda,Eropa,52.13,5.29,2022,5801.8,historis
Belanda,Eropa,52.13,5.29,2023,4177.7,historis
Belanda,Eropa,52.13,5.29,2024,3956.2,historis
Belanda,Eropa,52.13,5.29,2025,4654.18,prediksi
Belanda,Eropa,52.13,5.29,2026,6238.75,prediksi
Belanda,Eropa,52.13,5.29,2027,5108.33,prediksi
Belgia,Eropa,50.5,4.47,2000,470.1,historis
Belgia,Eropa,50.5,4.47,2001,729.7,historis
Belgia,Eropa,50.5,4.47,2002,750.0,historis
Belgia,Eropa,50.5,4.47,2003,576.1,historis
Belgia,Eropa,50.5,4.47,2004,469.0,historis
Belgia,Eropa,50.5,4.47,2005,407.8,historis
Belgia,Eropa,50.5,4.47,2006,580.7,historis
Belgia,Eropa,50.5,4.47,2007,820.6,historis
Belgia,Eropa,50.5,4.47,2008,633.1,historis
Belgia,Eropa,50.5,4.47,2009,377.4,historis
Belgia,Eropa,50.5,4.47,2010,316.7,historis
Belgia,Eropa,50.5,4.47,2011,303.1,historis
Belgia,Eropa,50.5,4.47,2012,316.9,historis
Belgia,Eropa,50.5,4.47,2013,342.5,historis
Belgia,Eropa,50.5,4.47,2014,303.5,historis
Belgia,Eropa,50.5,4.47,2015,294.4,historis
Belgia,Eropa,50.5,4.47,2016,353.8,historis
Belgia,Eropa,50.5,4.47,2017,305.2,historis
Belgia,Eropa,50.5,4.47,2018,362.1,historis
Belgia,Eropa,50.5,4.47,2019,373.7,historis
Belgia,Eropa,50.5,4.47,2020,287.9,historis
Belgia,Eropa,50.5,4.47,2021,505.5,historis
Belgia,Eropa,50.5,4.47,2022,759.1,historis
Belgia,Eropa,50.5,4.47,2023,605.4,historis
Belgia,Eropa,50.5,4.47,2024,845.9,historis
Belgia,Eropa,50.5,4.47,2025,511.72,prediksi
Belgia,Eropa,50.5,4.47,2026,517.3,prediksi
Belgia,Eropa,50.5,4.47,2027,517.99,prediksi
Brunei Darussalam,Asia Tenggara,4.54,114.73,2000,34.6,historis
Brunei Darussalam,Asia Tenggara,4.54,114.73,2001,54.5,historis
Brunei Darussalam,Asia Tenggara,4.54,114.73,2002,51.7,historis
Brunei Darussalam,Asia Tenggara,4.54,114.73,2003,98.5,historis
Brunei Darussalam,Asia Tenggara,4.54,114.73,2004,95.7,historis
Brunei Darussalam,Asia Tenggara,4.54,114.73,2005,24.3,historis
Brunei Darussalam,Asia Tenggara,4.54,114.73,2006,151.8,historis
Brunei Darussalam,Asia Tenggara,4.54,114.73,2007,204.0,historis
Brunei Darussalam,Asia Tenggara,4.54,114.73,2008,194.6,historis
Brunei Darussalam,Asia Tenggara,4.54,114.73,2009,232.9,historis
Brunei Darussalam,Asia Tenggara,4.54,114.73,2010,63.8,historis
Brunei Darussalam,Asia Tenggara,4.54,114.73,2011,66.8,historis
Brunei Darussalam,Asia Tenggara,4.54,114.73,2012,50.0,historis
Brunei Darussalam,Asia Tenggara,4.54,114.73,2013,53.6,historis
Brunei Darussalam,Asia Tenggara,4.54,114.73,2014,104.1,historis
Brunei Darussalam,Asia Tenggara,4.54,114.73,2015,48.5,historis
Brunei Darussalam,Asia Tenggara,4.54,114.73,2016,65.8,historis
Brunei Darussalam,Asia Tenggara,4.54,114.73,2017,104.8,historis
Brunei Darussalam,Asia Tenggara,4.54,114.73,2018,125.3,historis
Brunei Darussalam,Asia Tenggara,4.54,114.73,2019,650.6,historis
Brunei Darussalam,Asia Tenggara,4.54,114.73,2020,1345.5,historis
Brunei Darussalam,Asia Tenggara,4.54,114.73,2021,1563.3,historis
Brunei Darussalam,Asia Tenggara,4.54,114.73,2022,1307.5,historis
Brunei Darussalam,Asia Tenggara,4.54,114.73,2023,1118.4,historis
Brunei Darussalam,Asia Tenggara,4.54,114.73,2024,1175.6,historis
Brunei Darussalam,Asia Tenggara,4.54,114.73,2025,1184.83,prediksi
Brunei Darussalam,Asia Tenggara,4.54,114.73,2026,1184.83,prediksi
Brunei Darussalam,Asia Tenggara,4.54,114.73,2027,1184.83,prediksi
Denmark,Eropa,56.26,9.5,2000,49.2,historis
Denmark,Eropa,56.26,9.5,2001,48.5,historis
Denmark,Eropa,56.26,9.5,2002,350.2,historis
Denmark,Eropa,56.26,9.5,2003,77.0,historis
Denmark,Eropa,56.26,9.5,2004,77.4,historis
Denmark,Eropa,56.26,9.5,2005,99.6,historis
Denmark,Eropa,56.26,9.5,2006,691.1,historis
Denmark,Eropa,56.26,9.5,2007,59.0,historis
Denmark,Eropa,56.26,9.5,2008,75.4,historis
Denmark,Eropa,56.26,9.5,2009,120.0,historis
Denmark,Eropa,56.26,9.5,2010,89.5,historis
Denmark,Eropa,56.26,9.5,2011,108.9,historis
Denmark,Eropa,56.26,9.5,2012,89.0,historis
Denmark,Eropa,56.26,9.5,2013,93.3,historis
Denmark,Eropa,56.26,9.5,2014,92.5,historis
Denmark,Eropa,56.26,9.5,2015,95.1,historis
Denmark,Eropa,56.26,9.5,2016,81.6,historis
Denmark,Eropa,56.26,9.5,2017,102.8,historis
Denmark,Eropa,56.26,9.5,2018,238.8,historis
Denmark,Eropa,56.26,9.5,2019,111.6,historis
Denmark,Eropa,56.26,9.5,2020,67.0,historis
Denmark,Eropa,56.26,9.5,2021,70.3,historis
Denmark,Eropa,56.26,9.5,2022,101.2,historis
Denmark,Eropa,56.26,9.5,2023,46.7,historis
Denmark,Eropa,56.26,9.5,2024,75.8,historis
Denmark,Eropa,56.26,9.5,2025,128.21,prediksi
Denmark,Eropa,56.26,9.5,2026,122.31,prediksi
Denmark,Eropa,56.26,9.5,2027,113.19,prediksi
Filipina,Asia Tenggara,12.88,121.77,2000,4960.0,historis
Filipina,Asia Tenggara,12.88,121.77,2001,5667.0,historis
Filipina,Asia Tenggara,12.88,121.77,2002,4508.8,historis
Filipina,Asia Tenggara,12.88,121.77,2003,4320.5,historis
Filipina,Asia Tenggara,12.88,121.77,2004,4780.3,historis
Filipina,Asia Tenggara,12.88,121.77,2005,5026.4,historis
Filipina,Asia Tenggara,12.88,121.77,2006,6791.9,historis
Filipina,Asia Tenggara,12.88,121.77,2007,7318.4,historis
Filipina,Asia Tenggara,12.88,121.77,2008,7295.2,historis
Filipina,Asia Tenggara,12.88,121.77,2009,8850.3,historis
Filipina,Asia Tenggara,12.88,121.77,2010,12533.7,historis
Filipina,Asia Tenggara,12.88,121.77,2011,12348.4,historis
Filipina,Asia Tenggara,12.88,121.77,2012,12998.0,historis
Filipina,Asia Tenggara,12.88,121.77,2013,15997.4,historis
Filipina,Asia Tenggara,12.88,121.77,2014,16782.5,historis
Filipina,Asia Tenggara,12.88,121.77,2015,18094.0,historis
Filipina,Asia Tenggara,12.88,121.77,2016,20511.2,historis
Filipina,Asia Tenggara,12.88,121.77,2017,22356.6,historis
Filipina,Asia Tenggara,12.88,121.77,2018,26682.9,historis
Filipina,Asia Tenggara,12.88,121.77,2019,31116.4,historis
Filipina,Asia Tenggara,12.88,121.77,2020,32323.1,historis
Filipina,Asia Tenggara,12.88,121.77,2021,35159.2,historis
Filipina,Asia Tenggara,12.88,121.77,2022,36007.2,historis
Filipina,Asia Tenggara,12.88,121.77,2023,41133.5,historis
Filipina,Asia Tenggara,12.88,121.77,2024,44307.7,historis
Filipina,Asia Tenggara,12.88,121.77,2025,42161.05,prediksi
Filipina,Asia Tenggara,12.88,121.77,2026,42161.05,prediksi
Filipina,Asia Tenggara,12.88,121.77,2027,42161.05,prediksi
Finlandia,Eropa,61.92,25.75,2000,96.8,historis
Finlandia,Eropa,61.92,25.75,2001,198.6,historis
Finlandia,Eropa,61.92,25.75,2002,231.3,historis
Finlandia,Eropa,61.92,25.75,2003,217.3,historis
Finlandia,Eropa,61.92,25.75,2004,84.2,historis
Finlandia,Eropa,61.92,25.75,2005,66.5,historis
Finlandia,Eropa,61.92,25.75,2006,23.7,historis
Finlandia,Eropa,61.92,25.75,2007,24.9,historis
Finlandia,Eropa,61.92,25.75,2008,158.6,historis
Finlandia,Eropa,61.92,25.75,2009,19.1,historis
Finlandia,Eropa,61.92,25.75,2010,34.5,historis
Finlandia,Eropa,61.92,25.75,2011,80.5,historis
Finlandia,Eropa,61.92,25.75,2012,85.2,historis
Finlandia,Eropa,61.92,25.75,2013,42.4,historis
Finlandia,Eropa,61.92,25.75,2014,37.1,historis
Finlandia,Eropa,61.92,25.75,2015,29.2,historis
Finlandia,Eropa,61.92,25.75,2016,32.6,historis
Finlandia,Eropa,61.92,25.75,2017,33.7,historis
Finlandia,Eropa,61.92,25.75,2018,30.7,historis
Finlandia,Eropa,61.92,25.75,2019,30.9,historis
Finlandia,Eropa,61.92,25.75,2020,28.8,historis
Finlandia,Eropa,61.92,25.75,2021,34.4,historis
Finlandia,Eropa,61.92,25.75,2022,39.0,historis
Finlandia,Eropa,61.92,25.75,2023,20.6,historis
Finlandia,Eropa,61.92,25.75,2024,13.6,historis
Finlandia,Eropa,61.92,25.75,2025,98.66,prediksi
Finlandia,Eropa,61.92,25.75,2026,100.11,prediksi
Finlandia,Eropa,61.92,25.75,2027,60.91,prediksi
Hongkong,Asia Timur,22.32,114.17,2000,4353.1,historis
Hongkong,Asia Timur,22.32,114.17,2001,6027.6,historis
Hongkong,Asia Timur,22.32,114.17,2002,5273.8,historis
Hongkong,Asia Timur,22.32,114.17,2003,7601.6,historis
Hongkong,Asia Timur,22.32,114.17,2004,8262.1,historis
Hongkong,Asia Timur,22.32,114.17,2005,10045.6,historis
Hongkong,Asia Timur,22.32,114.17,2006,11552.1,historis
Hongkong,Asia Timur,22.32,114.17,2007,11742.9,historis
Hongkong,Asia Timur,22.32,114.17,2008,11060.7,historis
Hongkong,Asia Timur,22.32,114.17,2009,11345.5,historis
Hongkong,Asia Timur,22.32,114.17,2010,10209.0,historis
Hongkong,Asia Timur,22.32,114.17,2011,12273.4,historis
Hongkong,Asia Timur,22.32,114.17,2012,12713.0,historis
Hongkong,Asia Timur,22.32,114.17,2013,13863.1,historis
Hongkong,Asia Timur,22.32,114.17,2014,12792.1,historis
Hongkong,Asia Timur,22.32,114.17,2015,10040.9,historis
Hongkong,Asia Timur,22.32,114.17,2016,9616.8,historis
Hongkong,Asia Timur,22.32,114.17,2017,8676.0,historis
Hongkong,Asia Timur,22.32,114.17,2018,9217.9,historis
Hongkong,Asia Timur,22.32,114.17,2019,8048.5,historis
Hongkong,Asia Timur,22.32,114.17,2020,4145.7,historis
Hongkong,Asia Timur,22.32,114.17,2021,5585.9,historis
Hongkong,Asia Timur,22.32,114.17,2022,5556.9,historis
Hongkong,Asia Timur,22.32,114.17,2023,5101.8,historis
Hongkong,Asia Timur,22.32,114.17,2024,4094.9,historis
Hongkong,Asia Timur,22.32,114.17,2025,5997.34,prediksi
Hongkong,Asia Timur,22.32,114.17,2026,6329.98,prediksi
Hongkong,Asia Timur,22.32,114.17,2027,6166.16,prediksi
Italia,Eropa,41.87,12.57,2000,2599.1,historis
Italia,Eropa,41.87,12.57,2001,2275.5,historis
Italia,Eropa,41.87,12.57,2002,3906.8,historis
Italia,Eropa,41.87,12.57,2003,5731.0,historis
Italia,Eropa,41.87,12.57,2004,6072.5,historis
Italia,Eropa,41.87,12.57,2005,7057.9,historis
Italia,Eropa,41.87,12.57,2006,8438.0,historis
Italia,Eropa,41.87,12.57,2007,6961.8,historis
Italia,Eropa,41.87,12.57,2008,6682.4,historis
Italia,Eropa,41.87,12.57,2009,7190.5,historis
Italia,Eropa,41.87,12.57,2010,7833.4,historis
Italia,Eropa,41.87,12.57,2011,6875.5,historis
Italia,Eropa,41.87,12.57,2012,5477.0,historis
Italia,Eropa,41.87,12.57,2013,4550.3,historis
Italia,Eropa,41.87,12.57,2014,5231.5,historis
Italia,Eropa,41.87,12.57,2015,4684.5,historis
Italia,Eropa,41.87,12.57,2016,2516.5,historis
Italia,Eropa,41.87,12.57,2017,2524.1,historis
Italia,Eropa,41.87,12.57,2018,2346.7,historis
Italia,Eropa,41.87,12.57,2019,1539.0,historis
Italia,Eropa,41.87,12.57,2020,1714.7,historis
Italia,Eropa,41.87,12.57,2021,1768.0,historis
Italia,Eropa,41.87,12.57,2022,3319.9,historis
Italia,Eropa,41.87,12.57,2023,2789.7,historis
Italia,Eropa,41.87,12.57,2024,2137.8,historis
Italia,Eropa,41.87,12.57,2025,1979.76,prediksi
Italia,Eropa,41.87,12.57,2026,2160.6,prediksi
Italia,Eropa,41.87,12.57,2027,2096.55,prediksi
Jepang,Asia Timur,36.2,138.25,2000,52078.3,historis
Jepang,Asia Timur,36.2,138.25,2001,53200.1,historis
Jepang,Asia Timur,36.2,138.25,2002,53317.3,historis
Jepang,Asia Timur,36.2,138.25,2003,57674.5,historis
Jepang,Asia Timur,36.2,138.25,2004,57646.4,historis
Jepang,Asia Timur,36.2,138.25,2005,59523.6,historis
Jepang,Asia Timur,36.2,138.25,2006,67389.7,historis
Jepang,Asia Timur,36.2,138.25,2007,66094.0,historis
Jepang,Asia Timur,36.2,138.25,2008,66662.4,historis
Jepang,Asia Timur,36.2,138.25,2009,55907.4,historis
Jepang,Asia Timur,36.2,138.25,2010,61311.2,historis
Jepang,Asia Timur,36.2,138.25,2011,62628.4,historis
Jepang,Asia Timur,36.2,138.25,2012,56240.4,historis
Jepang,Asia Timur,36.2,138.25,2013,57892.4,historis
Jepang,Asia Timur,36.2,138.25,2014,50964.5,historis
Jepang,Asia Timur,36.2,138.25,2015,47673.3,historis
Jepang,Asia Timur,36.2,138.25,2016,47504.9,historis
Jepang,Asia Timur,36.2,138.25,2017,45634.2,historis
Jepang,Asia Timur,36.2,138.25,2018,41575.5,historis
Jepang,Asia Timur,36.2,138.25,2019,39237.0,historis
Jepang,Asia Timur,36.2,138.25,2020,36098.1,historis
Jepang,Asia Timur,36.2,138.25,2021,34127.7,historis
Jepang,Asia Timur,36.2,138.25,2022,38162.0,historis
Jepang,Asia Timur,36.2,138.25,2023,37975.2,historis
Jepang,Asia Timur,36.2,138.25,2024,41736.5,historis
Jepang,Asia Timur,36.2,138.25,2025,38185.75,prediksi
Jepang,Asia Timur,36.2,138.25,2026,37926.95,prediksi
Jepang,Asia Timur,36.2,138.25,2027,37467.71,prediksi
Jerman,Eropa,51.17,10.45,2000,1107.8,historis
Jerman,Eropa,51.17,10.45,2001,1066.3,historis
Jerman,Eropa,51.17,10.45,2002,1032.8,historis
Jerman,Eropa,51.17,10.45,2003,1393.6,historis
Jerman,Eropa,51.17,10.45,2004,1550.0,historis
Jerman,Eropa,51.17,10.45,2005,1292.1,historis
Jerman,Eropa,51.17,10.45,2006,1442.9,historis
Jerman,Eropa,51.17,10.45,2007,1294.7,historis
Jerman,Eropa,51.17,10.45,2008,1196.7,historis
Jerman,Eropa,51.17,10.45,2009,1120.3,historis
Jerman,Eropa,51.17,10.45,2010,1037.3,historis
Jerman,Eropa,51.17,10.45,2011,866.8,historis
Jerman,Eropa,51.17,10.45,2012,823.7,historis
Jerman,Eropa,51.17,10.45,2013,890.9,historis
Jerman,Eropa,51.17,10.45,2014,719.8,historis
Jerman,Eropa,51.17,10.45,2015,774.4,historis
Jerman,Eropa,51.17,10.45,2016,744.6,historis
Jerman,Eropa,51.17,10.45,2017,735.5,historis
Jerman,Eropa,51.17,10.45,2018,660.7,historis
Jerman,Eropa,51.17,10.45,2019,647.5,historis
Jerman,Eropa,51.17,10.45,2020,630.7,historis
Jerman,Eropa,51.17,10.45,2021,657.8,historis
Jerman,Eropa,51.17,10.45,2022,678.0,historis
Jerman,Eropa,51.17,10.45,2023,558.7,historis
Jerman,Eropa,51.17,10.45,2024,491.1,historis
Jerman,Eropa,51.17,10.45,2025,593.7,prediksi
Jerman,Eropa,51.17,10.45,2026,552.77,prediksi
Jerman,Eropa,51.17,10.45,2027,552.77,prediksi
Kamboja,Asia Tenggara,12.57,104.99,2000,84.7,historis
Kamboja,Asia Tenggara,12.57,104.99,2001,122.1,historis
Kamboja,Asia Tenggara,12.57,104.99,2002,110.5,historis
Kamboja,Asia Tenggara,12.57,104.99,2003,188.2,historis
Kamboja,Asia Tenggara,12.57,104.99,2004,74.0,historis
Kamboja,Asia Tenggara,12.57,104.99,2005,52.2,historis
Kamboja,Asia Tenggara,12.57,104.99,2006,60.1,historis
Kamboja,Asia Tenggara,12.57,104.99,2007,108.7,historis
Kamboja,Asia Tenggara,12.57,104.99,2008,110.8,historis
Kamboja,Asia Tenggara,12.57,104.99,2009,122.3,historis
Kamboja,Asia Tenggara,12.57,104.99,2010,193.9,historis
Kamboja,Asia Tenggara,12.57,104.99,2011,258.4,historis
Kamboja,Asia Tenggara,12.57,104.99,2012,253.1,historis
Kamboja,Asia Tenggara,12.57,104.99,2013,383.8,historis
Kamboja,Asia Tenggara,12.57,104.99,2014,728.4,historis
Kamboja,Asia Tenggara,12.57,104.99,2015,1634.8,historis
Kamboja,Asia Tenggara,12.57,104.99,2016,1579.1,historis
Kamboja,Asia Tenggara,12.57,104.99,2017,2466.7,historis
Kamboja,Asia Tenggara,12.57,104.99,2018,2318.5,historis
Kamboja,Asia Tenggara,12.57,104.99,2019,2893.0,historis
Kamboja,Asia Tenggara,12.57,104.99,2020,2960.9,historis
Kamboja,Asia Tenggara,12.57,104.99,2021,2268.9,historis
Kamboja,Asia Tenggara,12.57,104.99,2022,2178.6,historis
Kamboja,Asia Tenggara,12.57,104.99,2023,4459.6,historis
Kamboja,Asia Tenggara,12.57,104.99,2024,5257.9,historis
Kamboja,Asia Tenggara,12.57,104.99,2025,3758.67,prediksi
Kamboja,Asia Tenggara,12.57,104.99,2026,4297.21,prediksi
Kamboja,Asia Tenggara,12.57,104.99,2027,4297.21,prediksi
Kanada,Amerika,56.13,-106.35,2000,237.5,historis
Kanada,Amerika,56.13,-106.35,2001,244.8,historis
Kanada,Amerika,56.13,-106.35,2002,246.8,historis
Kanada,Amerika,56.13,-106.35,2003,244.6,historis
Kanada,Amerika,56.13,-106.35,2004,245.4,historis
Kanada,Amerika,56.13,-106.35,2005,278.3,historis
Kanada,Amerika,56.13,-106.35,2006,349.2,historis
Kanada,Amerika,56.13,-106.35,2007,226.9,historis
Kanada,Amerika,56.13,-106.35,2008,212.3,historis
Kanada,Amerika,56.13,-106.35,2009,204.3,historis
Kanada,Amerika,56.13,-106.35,2010,228.9,historis
Kanada,Amerika,56.13,-106.35,2011,235.8,historis
Kanada,Amerika,56.13,-106.35,2012,207.7,historis
Kanada,Amerika,56.13,-106.35,2013,214.7,historis
Kanada,Amerika,56.13,-106.35,2014,200.6,historis
Kanada,Amerika,56.13,-106.35,2015,210.2,historis
Kanada,Amerika,56.13,-106.35,2016,221.7,historis
Kanada,Amerika,56.13,-106.35,2017,255.8,historis
Kanada,Amerika,56.13,-106.35,2018,327.4,historis
Kanada,Amerika,56.13,-106.35,2019,302.0,historis
Kanada,Amerika,56.13,-106.35,2020,260.3,historis
Kanada,Amerika,56.13,-106.35,2021,302.2,historis
Kanada,Amerika,56.13,-106.35,2022,267.8,historis
Kanada,Amerika,56.13,-106.35,2023,235.2,historis
Kanada,Amerika,56.13,-106.35,2024,319.0,historis
Kanada,Amerika,56.13,-106.35,2025,277.77,prediksi
Kanada,Amerika,56.13,-106.35,2026,271.65,prediksi
Kanada,Amerika,56.13,-106.35,2027,282.51,prediksi
Korea Selatan,Asia Timur,35.91,127.77,2000,0.0,historis
Korea Selatan,Asia Timur,35.91,127.77,2001,0.0,historis
Korea Selatan,Asia Timur,35.91,127.77,2002,23855.4,historis
Korea Selatan,Asia Timur,35.91,127.77,2003,22612.1,historis
Korea Selatan,Asia Timur,35.91,127.77,2004,25275.0,historis
Korea Selatan,Asia Timur,35.91,127.77,2005,29118.9,historis
Korea Selatan,Asia Timur,35.91,127.77,2006,33678.4,historis
Korea Selatan,Asia Timur,35.91,127.77,2007,37894.5,historis
Korea Selatan,Asia Timur,35.91,127.77,2008,36134.9,historis
Korea Selatan,Asia Timur,35.91,127.77,2009,43149.8,historis
Korea Selatan,Asia Timur,35.91,127.77,2010,57383.6,historis
Korea Selatan,Asia Timur,35.91,127.77,2011,56139.9,historis
Korea Selatan,Asia Timur,35.91,127.77,2012,52859.8,historis
Korea Selatan,Asia Timur,35.91,127.77,2013,47566.6,historis
Korea Selatan,Asia Timur,35.91,127.77,2014,46364.3,historis
Korea Selatan,Asia Timur,35.91,127.77,2015,43510.5,historis
Korea Selatan,Asia Timur,35.91,127.77,2016,46507.5,historis
Korea Selatan,Asia Timur,35.91,127.77,2017,50244.4,historis
Korea Selatan,Asia Timur,35.91,127.77,2018,48223.1,historis
Korea Selatan,Asia Timur,35.91,127.77,2019,38169.6,historis
Korea Selatan,Asia Timur,35.91,127.77,2020,32841.5,historis
Korea Selatan,Asia Timur,35.91,127.77,2021,28954.0,historis
Korea Selatan,Asia Timur,35.91,127.77,2022,36139.8,historis
Korea Selatan,Asia Timur,35.91,127.77,2023,35585.2,historis
Korea Selatan,Asia Timur,35.91,127.77,2024,36104.8,historis
Korea Selatan,Asia Timur,35.91,127.77,2025,39777.3,prediksi
Korea Selatan,Asia Timur,35.91,127.77,2026,39990.16,prediksi
Korea Selatan,Asia Timur,35.91,127.77,2027,39373.62,prediksi
Laos,Asia Tenggara,19.86,102.5,2000,0.2,historis
Laos,Asia Tenggara,19.86,102.5,2001,0.4,historis
Laos,Asia Tenggara,19.86,102.5,2002,0.4,historis
Laos,Asia Tenggara,19.86,102.5,2003,0.2,historis
Laos,Asia Tenggara,19.86,102.5,2004,0.8,historis
Laos,Asia Tenggara,19.86,102.5,2005,0.9,historis
Laos,Asia Tenggara,19.86,102.5,2006,0.8,historis
Laos,Asia Tenggara,19.86,102.5,2007,1.1,historis
Laos,Asia Tenggara,19.86,102.5,2008,0.9,historis
Laos,Asia Tenggara,19.86,102.5,2009,1.0,historis
Laos,Asia Tenggara,19.86,102.5,2010,1.4,historis
Laos,Asia Tenggara,19.86,102.5,2011,1.7,historis
Laos,Asia Tenggara,19.86,102.5,2012,35.1,historis
Laos,Asia Tenggara,19.86,102.5,2013,1.2,historis
Laos,Asia Tenggara,19.86,102.5,2014,0.9,historis
Laos,Asia Tenggara,19.86,102.5,2015,1.5,historis
Laos,Asia Tenggara,19.86,102.5,2016,1.0,historis
Laos,Asia Tenggara,19.86,102.5,2017,0.8,historis
Laos,Asia Tenggara,19.86,102.5,2018,1.3,historis
Laos,Asia Tenggara,19.86,102.5,2019,1.1,historis
Laos,Asia Tenggara,19.86,102.5,2020,0.9,historis
Laos,Asia Tenggara,19.86,102.5,2021,1.2,historis
Laos,Asia Tenggara,19.86,102.5,2022,1.1,historis
Laos,Asia Tenggara,19.86,102.5,2023,12.6,historis
Laos,Asia Tenggara,19.86,102.5,2024,35.3,historis
Laos,Asia Tenggara,19.86,102.5,2025,17.38,prediksi
Laos,Asia Tenggara,19.86,102.5,2026,17.77,prediksi
Laos,Asia Tenggara,19.86,102.5,2027,17.78,prediksi
Malaysia,Asia Tenggara,4.21,101.98,2000,4592.5,historis
Malaysia,Asia Tenggara,4.21,101.98,2001,5559.9,historis
Malaysia,Asia Tenggara,4.21,101.98,2002,7049.5,historis
Malaysia,Asia Tenggara,4.21,101.98,2003,8360.2,historis
Malaysia,Asia Tenggara,4.21,101.98,2004,10509.7,historis
Malaysia,Asia Tenggara,4.21,101.98,2005,11248.4,historis
Malaysia,Asia Tenggara,4.21,101.98,2006,13553.6,historis
Malaysia,Asia Tenggara,4.21,101.98,2007,14629.4,historis
Malaysia,Asia Tenggara,4.21,101.98,2008,16074.7,historis
Malaysia,Asia Tenggara,4.21,101.98,2009,20482.7,historis
Malaysia,Asia Tenggara,4.21,101.98,2010,25401.7,historis
Malaysia,Asia Tenggara,4.21,101.98,2011,26415.7,historis
Malaysia,Asia Tenggara,4.21,101.98,2012,26011.2,historis
Malaysia,Asia Tenggara,4.21,101.98,2013,26716.0,historis
Malaysia,Asia Tenggara,4.21,101.98,2014,24346.4,historis
Malaysia,Asia Tenggara,4.21,101.98,2015,24873.7,historis
Malaysia,Asia Tenggara,4.21,101.98,2016,24955.6,historis
Malaysia,Asia Tenggara,4.21,101.98,2017,29531.6,historis
Malaysia,Asia Tenggara,4.21,101.98,2018,30357.4,historis
Malaysia,Asia Tenggara,4.21,101.98,2019,34199.3,historis
Malaysia,Asia Tenggara,4.21,101.98,2020,36283.0,historis
Malaysia,Asia Tenggara,4.21,101.98,2021,35283.1,historis
Malaysia,Asia Tenggara,4.21,101.98,2022,35198.4,historis
Malaysia,Asia Tenggara,4.21,101.98,2023,38643.8,historis
Malaysia,Asia Tenggara,4.21,101.98,2024,37673.3,historis
Malaysia,Asia Tenggara,4.21,101.98,2025,37020.39,prediksi
Malaysia,Asia Tenggara,4.21,101.98,2026,37525.61,prediksi
Malaysia,Asia Tenggara,4.21,101.98,2027,37659.61,prediksi
Meksiko,Amerika,23.63,-102.55,2000,0.0,historis
Meksiko,Amerika,23.63,-102.55,2001,0.0,historis
Meksiko,Amerika,23.63,-102.55,2002,161.1,historis
Meksiko,Amerika,23.63,-102.55,2003,134.6,historis
Meksiko,Amerika,23.63,-102.55,2004,136.9,historis
Meksiko,Amerika,23.63,-102.55,2005,105.0,historis
Meksiko,Amerika,23.63,-102.55,2006,113.1,historis
Meksiko,Amerika,23.63,-102.55,2007,114.4,historis
Meksiko,Amerika,23.63,-102.55,2008,258.6,historis
Meksiko,Amerika,23.63,-102.55,2009,194.8,historis
Meksiko,Amerika,23.63,-102.55,2010,1700.6,historis
Meksiko,Amerika,23.63,-102.55,2011,500.2,historis
Meksiko,Amerika,23.63,-102.55,2012,589.8,historis
Meksiko,Amerika,23.63,-102.55,2013,741.5,historis
Meksiko,Amerika,23.63,-102.55,2014,424.8,historis
Meksiko,Amerika,23.63,-102.55,2015,447.9,historis
Meksiko,Amerika,23.63,-102.55,2016,471.0,historis
Meksiko,Amerika,23.63,-102.55,2017,565.1,historis
Meksiko,Amerika,23.63,-102.55,2018,394.6,historis
Meksiko,Amerika,23.63,-102.55,2019,558.4,historis
Meksiko,Amerika,23.63,-102.55,2020,839.5,historis
Meksiko,Amerika,23.63,-102.55,2021,793.9,historis
Meksiko,Amerika,23.63,-102.55,2022,841.5,historis
Meksiko,Amerika,23.63,-102.55,2023,1141.1,historis
Meksiko,Amerika,23.63,-102.55,2024,1016.4,historis
Meksiko,Amerika,23.63,-102.55,2025,1016.97,prediksi
Meksiko,Amerika,23.63,-102.55,2026,1015.22,prediksi
Meksiko,Amerika,23.63,-102.55,2027,1016.97,prediksi
Myanmar,Asia Tenggara,21.91,95.96,2000,109.6,historis
Myanmar,Asia Tenggara,21.91,95.96,2001,186.5,historis
Myanmar,Asia Tenggara,21.91,95.96,2002,136.7,historis
Myanmar,Asia Tenggara,21.91,95.96,2003,85.8,historis
Myanmar,Asia Tenggara,21.91,95.96,2004,95.6,historis
Myanmar,Asia Tenggara,21.91,95.96,2005,132.8,historis
Myanmar,Asia Tenggara,21.91,95.96,2006,271.1,historis
Myanmar,Asia Tenggara,21.91,95.96,2007,364.5,historis
Myanmar,Asia Tenggara,21.91,95.96,2008,245.2,historis
Myanmar,Asia Tenggara,21.91,95.96,2009,244.0,historis
Myanmar,Asia Tenggara,21.91,95.96,2010,336.3,historis
Myanmar,Asia Tenggara,21.91,95.96,2011,252.6,historis
Myanmar,Asia Tenggara,21.91,95.96,2012,381.8,historis
Myanmar,Asia Tenggara,21.91,95.96,2013,644.6,historis
Myanmar,Asia Tenggara,21.91,95.96,2014,751.6,historis
Myanmar,Asia Tenggara,21.91,95.96,2015,784.7,historis
Myanmar,Asia Tenggara,21.91,95.96,2016,964.5,historis
Myanmar,Asia Tenggara,21.91,95.96,2017,1132.2,historis
Myanmar,Asia Tenggara,21.91,95.96,2018,1268.7,historis
Myanmar,Asia Tenggara,21.91,95.96,2019,1329.7,historis
Myanmar,Asia Tenggara,21.91,95.96,2020,1454.1,historis
Myanmar,Asia Tenggara,21.91,95.96,2021,1107.6,historis
Myanmar,Asia Tenggara,21.91,95.96,2022,733.3,historis
Myanmar,Asia Tenggara,21.91,95.96,2023,854.0,historis
Myanmar,Asia Tenggara,21.91,95.96,2024,652.4,historis
Myanmar,Asia Tenggara,21.91,95.96,2025,939.31,prediksi
Myanmar,Asia Tenggara,21.91,95.96,2026,886.74,prediksi
Myanmar,Asia Tenggara,21.91,95.96,2027,1008.1,prediksi
Perancis,Eropa,46.23,2.21,2000,272.1,historis
Perancis,Eropa,46.23,2.21,2001,438.5,historis
Perancis,Eropa,46.23,2.21,2002,608.6,historis
Perancis,Eropa,46.23,2.21,2003,725.0,historis
Perancis,Eropa,46.23,2.21,2004,718.5,historis
Perancis,Eropa,46.23,2.21,2005,719.9,historis
Perancis,Eropa,46.23,2.21,2006,770.1,historis
Perancis,Eropa,46.23,2.21,2007,353.0,historis
Perancis,Eropa,46.23,2.21,2008,242.7,historis
Perancis,Eropa,46.23,2.21,2009,212.4,historis
Perancis,Eropa,46.23,2.21,2010,267.8,historis
Perancis,Eropa,46.23,2.21,2011,222.6,historis
Perancis,Eropa,46.23,2.21,2012,210.0,historis
Perancis,Eropa,46.23,2.21,2013,205.3,historis
Perancis,Eropa,46.23,2.21,2014,253.7,historis
Perancis,Eropa,46.23,2.21,2015,233.2,historis
Perancis,Eropa,46.23,2.21,2016,245.5,historis
Perancis,Eropa,46.23,2.21,2017,305.0,historis
Perancis,Eropa,46.23,2.21,2018,263.9,historis
Perancis,Eropa,46.23,2.21,2019,353.8,historis
Perancis,Eropa,46.23,2.21,2020,385.8,historis
Perancis,Eropa,46.23,2.21,2021,258.8,historis
Perancis,Eropa,46.23,2.21,2022,321.8,historis
Perancis,Eropa,46.23,2.21,2023,326.1,historis
Perancis,Eropa,46.23,2.21,2024,284.1,historis
Perancis,Eropa,46.23,2.21,2025,307.17,prediksi
Perancis,Eropa,46.23,2.21,2026,323.82,prediksi
Perancis,Eropa,46.23,2.21,2027,309.2,prediksi
Polandia,Eropa,51.92,19.15,2000,0.0,historis
Polandia,Eropa,51.92,19.15,2001,0.0,historis
Polandia,Eropa,51.92,19.15,2002,90.4,historis
Polandia,Eropa,51.92,19.15,2003,77.2,historis
Polandia,Eropa,51.92,19.15,2004,75.2,historis
Polandia,Eropa,51.92,19.15,2005,77.9,historis
Polandia,Eropa,51.92,19.15,2006,80.0,historis
Polandia,Eropa,51.92,19.15,2007,85.9,historis
Polandia,Eropa,51.92,19.15,2008,87.1,historis
Polandia,Eropa,51.92,19.15,2009,66.7,historis
Polandia,Eropa,51.92,19.15,2010,727.3,historis
Polandia,Eropa,51.92,19.15,2011,561.8,historis
Polandia,Eropa,51.92,19.15,2012,212.8,historis
Polandia,Eropa,51.92,19.15,2013,288.9,historis
Polandia,Eropa,51.92,19.15,2014,391.9,historis
Polandia,Eropa,51.92,19.15,2015,253.3,historis
Polandia,Eropa,51.92,19.15,2016,143.7,historis
Polandia,Eropa,51.92,19.15,2017,99.9,historis
Polandia,Eropa,51.92,19.15,2018,159.5,historis
Polandia,Eropa,51.92,19.15,2019,141.4,historis
Polandia,Eropa,51.92,19.15,2020,148.8,historis
Polandia,Eropa,51.92,19.15,2021,161.8,historis
Polandia,Eropa,51.92,19.15,2022,2568.3,historis
Polandia,Eropa,51.92,19.15,2023,549.6,historis
Polandia,Eropa,51.92,19.15,2024,336.5,historis
Polandia,Eropa,51.92,19.15,2025,295.47,prediksi
Polandia,Eropa,51.92,19.15,2026,281.97,prediksi
Polandia,Eropa,51.92,19.15,2027,264.45,prediksi
Selandia Baru,Australia & Oceania,-40.9,174.89,2000,0.0,historis
Selandia Baru,Australia & Oceania,-40.9,174.89,2001,0.0,historis
Selandia Baru,Australia & Oceania,-40.9,174.89,2002,0.0,historis
Selandia Baru,Australia & Oceania,-40.9,174.89,2003,0.0,historis
Selandia Baru,Australia & Oceania,-40.9,174.89,2004,999.5,historis
Selandia Baru,Australia & Oceania,-40.9,174.89,2005,1392.0,historis
Selandia Baru,Australia & Oceania,-40.9,174.89,2006,1899.7,historis
Selandia Baru,Australia & Oceania,-40.9,174.89,2007,1269.9,historis
Selandia Baru,Australia & Oceania,-40.9,174.89,2008,1507.1,historis
Selandia Baru,Australia & Oceania,-40.9,174.89,2009,1547.6,historis
Selandia Baru,Australia & Oceania,-40.9,174.89,2010,1356.9,historis
Selandia Baru,Australia & Oceania,-40.9,174.89,2011,1138.2,historis
Selandia Baru,Australia & Oceania,-40.9,174.89,2012,1022.1,historis
Selandia Baru,Australia & Oceania,-40.9,174.89,2013,1612.9,historis
Selandia Baru,Australia & Oceania,-40.9,174.89,2014,1589.1,historis
Selandia Baru,Australia & Oceania,-40.9,174.89,2015,1848.8,historis
Selandia Baru,Australia & Oceania,-40.9,174.89,2016,1441.4,historis
Selandia Baru,Australia & Oceania,-40.9,174.89,2017,1888.8,historis
Selandia Baru,Australia & Oceania,-40.9,174.89,2018,1955.2,historis
Selandia Baru,Australia & Oceania,-40.9,174.89,2019,2001.1,historis
Selandia Baru,Australia & Oceania,-40.9,174.89,2020,2414.1,historis
Selandia Baru,Australia & Oceania,-40.9,174.89,2021,3314.1,historis
Selandia Baru,Australia & Oceania,-40.9,174.89,2022,2229.5,historis
Selandia Baru,Australia & Oceania,-40.9,174.89,2023,1492.4,historis
Selandia Baru,Australia & Oceania,-40.9,174.89,2024,2261.2,historis
Selandia Baru,Australia & Oceania,-40.9,174.89,2025,1803.97,prediksi
Selandia Baru,Australia & Oceania,-40.9,174.89,2026,1928.54,prediksi
Selandia Baru,Australia & Oceania,-40.9,174.89,2027,1890.78,prediksi
Singapura,Asia Tenggara,1.35,103.82,2000,57907.5,historis
Singapura,Asia Tenggara,1.35,103.82,2001,95645.5,historis
Singapura,Asia Tenggara,1.35,103.82,2002,39046.6,historis
Singapura,Asia Tenggara,1.35,103.82,2003,22072.8,historis
Singapura,Asia Tenggara,1.35,103.82,2004,18390.9,historis
Singapura,Asia Tenggara,1.35,103.82,2005,19269.9,historis
Singapura,Asia Tenggara,1.35,103.82,2006,20762.6,historis
Singapura,Asia Tenggara,1.35,103.82,2007,12593.9,historis
Singapura,Asia Tenggara,1.35,103.82,2008,15886.7,historis
Singapura,Asia Tenggara,1.35,103.82,2009,11406.8,historis
Singapura,Asia Tenggara,1.35,103.82,2010,13424.4,historis
Singapura,Asia Tenggara,1.35,103.82,2011,16847.6,historis
Singapura,Asia Tenggara,1.35,103.82,2012,18141.2,historis
Singapura,Asia Tenggara,1.35,103.82,2013,21530.3,historis
Singapura,Asia Tenggara,1.35,103.82,2014,22057.6,historis
Singapura,Asia Tenggara,1.35,103.82,2015,24035.2,historis
Singapura,Asia Tenggara,1.35,103.82,2016,24715.1,historis
Singapura,Asia Tenggara,1.35,103.82,2017,24034.2,historis
Singapura,Asia Tenggara,1.35,103.82,2018,21679.5,historis
Singapura,Asia Tenggara,1.35,103.82,2019,19331.3,historis
Singapura,Asia Tenggara,1.35,103.82,2020,16557.8,historis
Singapura,Asia Tenggara,1.35,103.82,2021,19909.0,historis
Singapura,Asia Tenggara,1.35,103.82,2022,18000.9,historis
Singapura,Asia Tenggara,1.35,103.82,2023,18213.3,historis
Singapura,Asia Tenggara,1.35,103.82,2024,17993.0,historis
Singapura,Asia Tenggara,1.35,103.82,2025,18671.61,prediksi
Singapura,Asia Tenggara,1.35,103.82,2026,18601.78,prediksi
Singapura,Asia Tenggara,1.35,103.82,2027,18672.88,prediksi
Spanyol,Eropa,40.46,-3.75,2000,4251.8,historis
Spanyol,Eropa,40.46,-3.75,2001,3408.7,historis
Spanyol,Eropa,40.46,-3.75,2002,4108.3,historis
Spanyol,Eropa,40.46,-3.75,2003,4110.8,historis
Spanyol,Eropa,40.46,-3.75,2004,3560.8,historis
Spanyol,Eropa,40.46,-3.75,2005,4213.2,historis
Spanyol,Eropa,40.46,-3.75,2006,5459.7,historis
Spanyol,Eropa,40.46,-3.75,2007,5220.6,historis
Spanyol,Eropa,40.46,-3.75,2008,5558.1,historis
Spanyol,Eropa,40.46,-3.75,2009,5915.8,historis
Spanyol,Eropa,40.46,-3.75,2010,2781.4,historis
Spanyol,Eropa,40.46,-3.75,2011,4795.9,historis
Spanyol,Eropa,40.46,-3.75,2012,6837.5,historis
Spanyol,Eropa,40.46,-3.75,2013,5462.1,historis
Spanyol,Eropa,40.46,-3.75,2014,5631.3,historis
Spanyol,Eropa,40.46,-3.75,2015,6237.4,historis
Spanyol,Eropa,40.46,-3.75,2016,6540.3,historis
Spanyol,Eropa,40.46,-3.75,2017,5705.5,historis
Spanyol,Eropa,40.46,-3.75,2018,7047.4,historis
Spanyol,Eropa,40.46,-3.75,2019,3327.6,historis
Spanyol,Eropa,40.46,-3.75,2020,1670.8,historis
Spanyol,Eropa,40.46,-3.75,2021,1856.2,historis
Spanyol,Eropa,40.46,-3.75,2022,1883.3,historis
Spanyol,Eropa,40.46,-3.75,2023,1637.8,historis
Spanyol,Eropa,40.46,-3.75,2024,1568.0,historis
Spanyol,Eropa,40.46,-3.75,2025,1832.63,prediksi
Spanyol,Eropa,40.46,-3.75,2026,1862.26,prediksi
Spanyol,Eropa,40.46,-3.75,2027,1833.69,prediksi
Swedia,Eropa,60.13,18.64,2000,68.2,historis
Swedia,Eropa,60.13,18.64,2001,89.8,historis
Swedia,Eropa,60.13,18.64,2002,89.0,historis
Swedia,Eropa,60.13,18.64,2003,52.4,historis
Swedia,Eropa,60.13,18.64,2004,62.7,historis
Swedia,Eropa,60.13,18.64,2005,45.8,historis
Swedia,Eropa,60.13,18.64,2006,107.1,historis
Swedia,Eropa,60.13,18.64,2007,31.6,historis
Swedia,Eropa,60.13,18.64,2008,79.6,historis
Swedia,Eropa,60.13,18.64,2009,71.6,historis
Swedia,Eropa,60.13,18.64,2010,38.6,historis
Swedia,Eropa,60.13,18.64,2011,35.7,historis
Swedia,Eropa,60.13,18.64,2012,38.7,historis
Swedia,Eropa,60.13,18.64,2013,26.3,historis
Swedia,Eropa,60.13,18.64,2014,38.6,historis
Swedia,Eropa,60.13,18.64,2015,43.0,historis
Swedia,Eropa,60.13,18.64,2016,34.6,historis
Swedia,Eropa,60.13,18.64,2017,40.6,historis
Swedia,Eropa,60.13,18.64,2018,54.9,historis
Swedia,Eropa,60.13,18.64,2019,63.5,historis
Swedia,Eropa,60.13,18.64,2020,79.5,historis
Swedia,Eropa,60.13,18.64,2021,96.8,historis
Swedia,Eropa,60.13,18.64,2022,72.4,historis
Swedia,Eropa,60.13,18.64,2023,69.6,historis
Swedia,Eropa,60.13,18.64,2024,83.0,historis
Swedia,Eropa,60.13,18.64,2025,67.05,prediksi
Swedia,Eropa,60.13,18.64,2026,63.78,prediksi
Swedia,Eropa,60.13,18.64,2027,72.39,prediksi
Taiwan,Asia Timur,23.7,120.96,2000,0.0,historis
Taiwan,Asia Timur,23.7,120.96,2001,0.0,historis
Taiwan,Asia Timur,23.7,120.96,2002,19639.2,historis
Taiwan,Asia Timur,23.7,120.96,2003,21788.5,historis
Taiwan,Asia Timur,23.7,120.96,2004,24074.9,historis
Taiwan,Asia Timur,23.7,120.96,2005,21641.5,historis
Taiwan,Asia Timur,23.7,120.96,2006,29678.3,historis
Taiwan,Asia Timur,23.7,120.96,2007,27153.6,historis
Taiwan,Asia Timur,23.7,120.96,2008,26940.3,historis
Taiwan,Asia Timur,23.7,120.96,2009,27072.0,historis
Taiwan,Asia Timur,23.7,120.96,2010,29045.3,historis
Taiwan,Asia Timur,23.7,120.96,2011,31412.3,historis
Taiwan,Asia Timur,23.7,120.96,2012,32924.7,historis
Taiwan,Asia Timur,23.7,120.96,2013,32126.3,historis
Taiwan,Asia Timur,23.7,120.96,2014,31874.8,historis
Taiwan,Asia Timur,23.7,120.96,2015,28796.4,historis
Taiwan,Asia Timur,23.7,120.96,2016,24757.5,historis
Taiwan,Asia Timur,23.7,120.96,2017,22843.7,historis
Taiwan,Asia Timur,23.7,120.96,2018,21898.3,historis
Taiwan,Asia Timur,23.7,120.96,2019,21764.6,historis
Taiwan,Asia Timur,23.7,120.96,2020,21514.8,historis
Taiwan,Asia Timur,23.7,120.96,2021,21548.7,historis
Taiwan,Asia Timur,23.7,120.96,2022,22963.7,historis
Taiwan,Asia Timur,23.7,120.96,2023,19347.2,historis
Taiwan,Asia Timur,23.7,120.96,2024,20699.5,historis
Taiwan,Asia Timur,23.7,120.96,2025,22663.59,prediksi
Taiwan,Asia Timur,23.7,120.96,2026,21717.95,prediksi
Taiwan,Asia Timur,23.7,120.96,2027,21531.77,prediksi
Thailand,Asia Tenggara,15.87,100.99,2000,5065.6,historis
Thailand,Asia Tenggara,15.87,100.99,2001,4950.9,historis
Thailand,Asia Tenggara,15.87,100.99,2002,6250.8,historis
Thailand,Asia Tenggara,15.87,100.99,2003,6983.3,historis
Thailand,Asia Tenggara,15.87,100.99,2004,7550.9,historis
Thailand,Asia Tenggara,15.87,100.99,2005,8498.7,historis
Thailand,Asia Tenggara,15.87,100.99,2006,11138.8,historis
Thailand,Asia Tenggara,15.87,100.99,2007,14197.2,historis
Thailand,Asia Tenggara,15.87,100.99,2008,14763.2,historis
Thailand,Asia Tenggara,15.87,100.99,2009,13831.6,historis
Thailand,Asia Tenggara,15.87,100.99,2010,15816.9,historis
Thailand,Asia Tenggara,15.87,100.99,2011,16276.3,historis
Thailand,Asia Tenggara,15.87,100.99,2012,18517.7,historis
Thailand,Asia Tenggara,15.87,100.99,2013,17728.0,historis
Thailand,Asia Tenggara,15.87,100.99,2014,20008.4,historis
Thailand,Asia Tenggara,15.87,100.99,2015,22676.2,historis
Thailand,Asia Tenggara,15.87,100.99,2016,21818.0,historis
Thailand,Asia Tenggara,15.87,100.99,2017,22411.5,historis
Thailand,Asia Tenggara,15.87,100.99,2018,25099.9,historis
Thailand,Asia Tenggara,15.87,100.99,2019,22521.1,historis
Thailand,Asia Tenggara,15.87,100.99,2020,21437.5,historis
Thailand,Asia Tenggara,15.87,100.99,2021,20863.6,historis
Thailand,Asia Tenggara,15.87,100.99,2022,19993.7,historis
Thailand,Asia Tenggara,15.87,100.99,2023,17501.4,historis
Thailand,Asia Tenggara,15.87,100.99,2024,19988.3,historis
Thailand,Asia Tenggara,15.87,100.99,2025,19375.29,prediksi
Thailand,Asia Tenggara,15.87,100.99,2026,19032.49,prediksi
Thailand,Asia Tenggara,15.87,100.99,2027,18988.18,prediksi
Tiongkok,Asia Timur,35.86,104.2,2000,0.0,historis
Tiongkok,Asia Timur,35.86,104.2,2001,0.0,historis
Tiongkok,Asia Timur,35.86,104.2,2002,11544.7,historis
Tiongkok,Asia Timur,35.86,104.2,2003,11483.7,historis
Tiongkok,Asia Timur,35.86,104.2,2004,12631.9,historis
Tiongkok,Asia Timur,35.86,104.2,2005,18629.8,historis
Tiongkok,Asia Timur,35.86,104.2,2006,31246.4,historis
Tiongkok,Asia Timur,35.86,104.2,2007,53392.0,historis
Tiongkok,Asia Timur,35.86,104.2,2008,59468.1,historis
Tiongkok,Asia Timur,35.86,104.2,2009,81745.4,historis
Tiongkok,Asia Timur,35.86,104.2,2010,137643.7,historis
Tiongkok,Asia Timur,35.86,104.2,2011,209264.2,historis
Tiongkok,Asia Timur,35.86,104.2,2012,214891.2,historis
Tiongkok,Asia Timur,35.86,104.2,2013,284601.8,historis
Tiongkok,Asia Timur,35.86,104.2,2014,125331.8,historis
Tiongkok,Asia Timur,35.86,104.2,2015,94148.6,historis
Tiongkok,Asia Timur,35.86,104.2,2016,130333.6,historis
Tiongkok,Asia Timur,35.86,104.2,2017,143938.1,historis
Tiongkok,Asia Timur,35.86,104.2,2018,182019.4,historis
Tiongkok,Asia Timur,35.86,104.2,2019,225422.9,historis
Tiongkok,Asia Timur,35.86,104.2,2020,188714.5,historis
Tiongkok,Asia Timur,35.86,104.2,2021,257438.8,historis
Tiongkok,Asia Timur,35.86,104.2,2022,226888.9,historis
Tiongkok,Asia Timur,35.86,104.2,2023,264630.6,historis
Tiongkok,Asia Timur,35.86,104.2,2024,283163.3,historis
Tiongkok,Asia Timur,35.86,104.2,2025,207667.85,prediksi
Tiongkok,Asia Timur,35.86,104.2,2026,255489.29,prediksi
Tiongkok,Asia Timur,35.86,104.2,2027,241269.67,prediksi
Vietnam,Asia Tenggara,14.06,108.28,2000,1198.9,historis
Vietnam,Asia Tenggara,14.06,108.28,2001,860.4,historis
Vietnam,Asia Tenggara,14.06,108.28,2002,953.4,historis
Vietnam,Asia Tenggara,14.06,108.28,2003,1030.0,historis
Vietnam,Asia Tenggara,14.06,108.28,2004,938.0,historis
Vietnam,Asia Tenggara,14.06,108.28,2005,1162.8,historis
Vietnam,Asia Tenggara,14.06,108.28,2006,1759.4,historis
Vietnam,Asia Tenggara,14.06,108.28,2007,2145.5,historis
Vietnam,Asia Tenggara,14.06,108.28,2008,2291.2,historis
Vietnam,Asia Tenggara,14.06,108.28,2009,2410.0,historis
Vietnam,Asia Tenggara,14.06,108.28,2010,2611.5,historis
Vietnam,Asia Tenggara,14.06,108.28,2011,3014.0,historis
Vietnam,Asia Tenggara,14.06,108.28,2012,2763.8,historis
Vietnam,Asia Tenggara,14.06,108.28,2013,3648.4,historis
Vietnam,Asia Tenggara,14.06,108.28,2014,3253.5,historis
Vietnam,Asia Tenggara,14.06,108.28,2015,4248.2,historis
Vietnam,Asia Tenggara,14.06,108.28,2016,5630.9,historis
Vietnam,Asia Tenggara,14.06,108.28,2017,9358.0,historis
Vietnam,Asia Tenggara,14.06,108.28,2018,15051.9,historis
Vietnam,Asia Tenggara,14.06,108.28,2019,18488.4,historis
Vietnam,Asia Tenggara,14.06,108.28,2020,21546.0,historis
Vietnam,Asia Tenggara,14.06,108.28,2021,19501.1,historis
Vietnam,Asia Tenggara,14.06,108.28,2022,15161.7,historis
Vietnam,Asia Tenggara,14.06,108.28,2023,24949.0,historis
Vietnam,Asia Tenggara,14.06,108.28,2024,32608.9,historis
Vietnam,Asia Tenggara,14.06,108.28,2025,22211.72,prediksi
Vietnam,Asia Tenggara,14.06,108.28,2026,23940.47,prediksi
Vietnam,Asia Tenggara,14.06,108.28,2027,26581.86,prediksi
Yunani,Eropa,39.07,21.82,2000,179.6,historis
Yunani,Eropa,39.07,21.82,2001,177.6,historis
Yunani,Eropa,39.07,21.82,2002,289.8,historis
Yunani,Eropa,39.07,21.82,2003,357.2,historis
Yunani,Eropa,39.07,21.82,2004,132.9,historis
Yunani,Eropa,39.07,21.82,2005,247.8,historis
Yunani,Eropa,39.07,21.82,2006,467.8,historis
Yunani,Eropa,39.07,21.82,2007,702.7,historis
Yunani,Eropa,39.07,21.82,2008,480.9,historis
Yunani,Eropa,39.07,21.82,2009,560.9,historis
Yunani,Eropa,39.07,21.82,2010,365.6,historis
Yunani,Eropa,39.07,21.82,2011,663.3,historis
Yunani,Eropa,39.07,21.82,2012,705.2,historis
Yunani,Eropa,39.07,21.82,2013,543.4,historis
Yunani,Eropa,39.07,21.82,2014,143.4,historis
Yunani,Eropa,39.07,21.82,2015,104.7,historis
Yunani,Eropa,39.07,21.82,2016,125.3,historis
Yunani,Eropa,39.07,21.82,2017,141.7,historis
Yunani,Eropa,39.07,21.82,2018,218.2,historis
Yunani,Eropa,39.07,21.82,2019,285.7,historis
Yunani,Eropa,39.07,21.82,2020,311.5,historis
Yunani,Eropa,39.07,21.82,2021,166.1,historis
Yunani,Eropa,39.07,21.82,2022,291.8,historis
Yunani,Eropa,39.07,21.82,2023,196.0,historis
Yunani,Eropa,39.07,21.82,2024,203.4,historis
Yunani,Eropa,39.07,21.82,2025,264.5,prediksi
Yunani,Eropa,39.07,21.82,2026,303.54,prediksi
Yunani,Eropa,39.07,21.82,2027,200.53,prediksi
